date,team,xg_for,xg_against,goals_for,goals_against,result,home,form
2023-08-12,AFC Bournemouth,0.36,0.79,1,1,D,h,D
2023-08-19,AFC Bournemouth,1.17,3.05,1,3,L,a,DL
2023-08-26,AFC Bournemouth,0.1,1.97,0,2,L,h,DLL
2023-09-02,AFC Bournemouth,1.73,2.02,2,2,D,a,DLLD
2023-09-17,AFC Bournemouth,0.1,0.1,0,0,D,h,DLLDD
2023-09-24,AFC Bournemouth,1.42,3.18,1,3,L,a,LLDDL
2023-09-30,AFC Bournemouth,0.2,3.91,0,4,L,h,LDDLL
2023-10-07,AFC Bournemouth,0.1,3.52,0,3,L,a,DDLLL
2023-10-21,AFC Bournemouth,0.9,3.15,1,2,L,h,DLLLL
2023-10-28,AFC Bournemouth,1.36,1.3,2,1,W,h,LLLLW
2023-11-04,AFC Bournemouth,1.15,6.5,1,6,L,a,LLLWL
2023-11-11,AFC Bournemouth,0.95,0.1,2,0,W,h,LLWLW
2023-11-25,AFC Bournemouth,2.68,0.96,3,1,W,a,LWLWW
2023-12-03,AFC Bournemouth,2.44,1.66,2,2,D,h,WLWWD
2023-12-06,AFC Bournemouth,2.01,0.71,2,0,W,a,LWWDW
2023-12-09,AFC Bournemouth,3.04,0.1,3,0,W,a,WWDWW
2023-12-23,AFC Bournemouth,2.48,1.5,3,2,W,a,WDWWW
2023-12-26,AFC Bournemouth,3.28,0.1,3,0,W,h,DWWWW
2023-12-31,AFC Bournemouth,1.15,3.02,1,3,L,a,WWWWL
2024-01-21,AFC Bournemouth,0.17,3.89,0,4,L,h,WWWLL
2024-02-01,AFC Bournemouth,1.86,1.03,1,1,D,a,WWLLD
2024-02-04,AFC Bournemouth,1.16,0.88,1,1,D,h,WLLDD
2024-02-10,AFC Bournemouth,0.97,3.12,1,3,L,a,LLDDL
2024-02-17,AFC Bournemouth,1.23,2.04,2,2,D,a,LDDLD
2024-02-24,AFC Bournemouth,0.17,1.01,0,1,L,h,DDLDL
2024-03-03,AFC Bournemouth,2.08,0.29,2,0,W,a,DLDLW
2024-03-09,AFC Bournemouth,2.13,2.36,2,2,D,h,LDLWD
2024-03-13,AFC Bournemouth,3.79,3.08,4,3,W,h,DLWDW
2024-03-30,AFC Bournemouth,1.94,0.98,2,1,W,h,LWDWW
2024-04-02,AFC Bournemouth,0.89,0.26,1,0,W,h,WDWWW
2024-04-06,AFC Bournemouth,0.59,1.75,1,2,L,a,DWWWL
2024-04-13,AFC Bournemouth,2.27,2.37,2,2,D,h,WWWLD
2024-04-21,AFC Bournemouth,0.77,3.23,1,3,L,a,WWLDL
2024-04-24,AFC Bournemouth,0.87,0.1,1,0,W,a,WLDLW
2024-04-28,AFC Bournemouth,3.91,0.32,3,0,W,h,LDLWW
2024-05-04,AFC Bournemouth,0.1,3.77,0,3,L,a,DLWWL
2024-05-11,AFC Bournemouth,0.75,2.04,1,2,L,h,LWWLL
2024-05-19,AFC Bournemouth,1.13,2.12,1,2,L,a,WWLLL
2023-08-12,Arsenal FC,0.8,1.11,2,1,W,h,W
2023-08-21,Arsenal FC,1.14,0.1,1,0,W,a,WW
2023-08-26,Arsenal FC,1.71,1.79,2,2,D,h,WWD
2023-09-03,Arsenal FC,3.28,0.71,3,1,W,h,WWDW
2023-09-17,Arsenal FC,0.72,0.1,1,0,W,a,WWDWW
2023-09-24,Arsenal FC,1.47,1.24,2,2,D,h,WDWWD
2023-09-30,Arsenal FC,3.91,0.2,4,0,W,a,DWWDW
2023-10-08,Arsenal FC,1.83,0.1,1,0,W,h,WWDWW
2023-10-21,Arsenal FC,1.2,1.67,2,2,D,a,WDWWD
2023-10-28,Arsenal FC,5.33,0.35,5,0,W,h,DWWDW
2023-11-04,Arsenal FC,0.86,0.89,0,1,L,a,WWDWL
2023-11-11,Arsenal FC,3.55,1.45,3,1,W,h,WDWLW
2023-11-25,Arsenal FC,0.65,0.15,1,0,W,a,DWLWW
2023-12-02,Arsenal FC,2.16,1.24,2,1,W,h,WLWWW
2023-12-05,Arsenal FC,4.16,2.66,4,3,W,a,LWWWW
2023-12-09,Arsenal FC,0.1,0.99,0,1,L,a,WWWWL
2023-12-17,Arsenal FC,1.95,0.1,2,0,W,h,WWWLW
2023-12-23,Arsenal FC,0.93,0.97,1,1,D,a,WWLWD
2023-12-28,Arsenal FC,0.1,1.64,0,2,L,h,WLWDL
2023-12-31,Arsenal FC,1.31,1.98,1,2,L,a,LWDLL
2024-01-20,Arsenal FC,5.1,0.21,5,0,W,h,WDLLW
2024-01-30,Arsenal FC,2.46,1.13,2,1,W,a,DLLWW
2024-02-04,Arsenal FC,2.58,1.12,3,1,W,h,LLWWW
2024-02-11,Arsenal FC,5.77,0.1,6,0,W,a,LWWWW
2024-02-17,Arsenal FC,4.91,0.63,5,0,W,a,WWWWW
2024-02-24,Arsenal FC,4.68,1.8,4,1,W,h,WWWWW
2024-03-04,Arsenal FC,5.99,0.1,6,0,W,a,WWWWW
2024-03-09,Arsenal FC,1.55,0.8,2,1,W,h,WWWWW
2024-03-31,Arsenal FC,0.47,0.1,0,0,D,a,WWWWD
2024-04-03,Arsenal FC,2.48,0.1,2,0,W,h,WWWDW
2024-04-06,Arsenal FC,2.69,0.1,3,0,W,a,WWDWW
2024-04-14,Arsenal FC,0.6,2.15,0,2,L,h,WDWWL
2024-04-20,Arsenal FC,1.8,0.1,2,0,W,a,DWWLW
2024-04-23,Arsenal FC,4.25,0.35,5,0,W,h,WWLWW
2024-04-28,Arsenal FC,2.4,3.21,3,2,W,a,WLWWW
2024-05-04,Arsenal FC,3.77,0.1,3,0,W,h,LWWWW
2024-05-12,Arsenal FC,0.64,0.17,1,0,W,a,WWWWW
2024-05-19,Arsenal FC,1.92,0.23,2,1,W,h,WWWWW
2023-08-12,Aston Villa FC,1.17,4.94,1,5,L,a,L
2023-08-20,Aston Villa FC,4.54,0.1,4,0,W,h,LW
2023-08-27,Aston Villa FC,3.11,0.48,3,1,W,a,LWW
2023-09-03,Aston Villa FC,0.1,3.28,0,3,L,a,LWWL
2023-09-16,Aston Villa FC,3.22,0.99,3,1,W,h,LWWLW
2023-09-24,Aston Villa FC,1.16,0.1,1,0,W,a,WWLWW
2023-09-30,Aston Villa FC,5.67,0.78,6,1,W,h,WLWWW
2023-10-08,Aston Villa FC,0.79,0.72,1,1,D,a,LWWWD
2023-10-22,Aston Villa FC,4.43,1.52,4,1,W,h,WWWDW
2023-10-29,Aston Villa FC,2.68,0.63,3,1,W,h,WWDWW
2023-11-05,Aston Villa FC,0.23,2.64,0,2,L,a,WDWWL
2023-11-12,Aston Villa FC,2.98,1.28,3,1,W,h,DWWLW
2023-11-26,Aston Villa FC,1.41,1.43,2,1,W,a,WWLWW
2023-12-03,Aston Villa FC,1.66,2.44,2,2,D,a,WLWWD
2023-12-06,Aston Villa FC,1.15,0.1,1,0,W,h,LWWDW
2023-12-09,Aston Villa FC,0.99,0.1,1,0,W,h,WWDWW
2023-12-17,Aston Villa FC,2.19,1.17,2,1,W,a,WDWWW
2023-12-22,Aston Villa FC,0.94,1.72,1,1,D,h,DWWWD
2023-12-26,Aston Villa FC,1.84,3.51,2,3,L,a,WWWDL
2023-12-30,Aston Villa FC,3.2,2.19,3,2,W,h,WWDLW
2024-01-14,Aston Villa FC,0.2,0.23,0,0,D,a,WDLWD
2024-01-30,Aston Villa FC,0.75,2.89,1,3,L,h,DLWDL
2024-02-03,Aston Villa FC,5.21,0.1,5,0,W,a,LWDLW
2024-02-11,Aston Villa FC,0.61,1.72,1,2,L,h,WDLWL
2024-02-17,Aston Villa FC,2.35,1.97,2,1,W,a,DLWLW
2024-02-24,Aston Villa FC,3.76,1.49,4,2,W,h,LWLWW
2024-03-02,Aston Villa FC,2.98,1.58,3,2,W,a,WLWWW
2024-03-10,Aston Villa FC,0.22,4.44,0,4,L,h,LWWWL
2024-03-17,Aston Villa FC,0.6,0.9,1,1,D,a,WWWLD
2024-03-30,Aston Villa FC,2.44,0.1,2,0,W,h,WWLDW
2024-04-03,Aston Villa FC,1.14,4.51,1,4,L,a,WLDWL
2024-04-06,Aston Villa FC,2.55,3.07,3,3,D,h,LDWLD
2024-04-14,Aston Villa FC,2.15,0.6,2,0,W,a,DWLDW
2024-04-21,Aston Villa FC,3.23,0.77,3,1,W,h,WLDWW
2024-04-27,Aston Villa FC,2.17,2.54,2,2,D,h,LDWWD
2024-05-05,Aston Villa FC,0.1,1.3,0,1,L,a,DWWDL
2024-05-13,Aston Villa FC,3.01,3.3,3,3,D,h,WWDLD
2024-05-19,Aston Villa FC,0.1,5.22,0,5,L,a,WDLDL
2023-08-13,Brentford FC,2.01,1.7,2,2,D,h,D
2023-08-19,Brentford FC,2.66,0.1,3,0,W,a,DW
2023-08-26,Brentford FC,0.95,1.03,1,1,D,h,DWD
2023-09-02,Brentford FC,2.02,1.73,2,2,D,h,DWDD
2023-09-16,Brentford FC,0.1,1.35,0,1,L,a,DWDDL
2023-09-23,Brentford FC,0.45,3.05,1,3,L,h,WDDLL
2023-10-01,Brentford FC,1.72,0.75,1,1,D,a,DDLLD
2023-10-07,Brentford FC,1.1,1.99,1,2,L,a,DLLDL
2023-10-21,Brentford FC,3.22,0.1,3,0,W,h,LLDLW
2023-10-28,Brentford FC,1.37,0.1,2,0,W,a,LDLWW
2023-11-04,Brentford FC,3.18,1.9,3,2,W,h,DLWWW
2023-11-12,Brentford FC,0.34,3.68,0,3,L,a,LWWWL
2023-11-25,Brentford FC,0.15,0.65,0,1,L,h,WWWLL
2023-12-02,Brentford FC,2.76,0.38,3,1,W,h,WWLLW
2023-12-06,Brentford FC,1.19,1.65,1,2,L,a,WLLWL
2023-12-09,Brentford FC,0.1,1.56,0,1,L,a,LLWLL
2023-12-17,Brentford FC,1.17,2.19,1,2,L,h,LWLLL
2023-12-27,Brentford FC,0.68,4.16,1,4,L,h,WLLLL
2023-12-30,Brentford FC,1.77,3.22,1,3,L,a,LLLLL
2024-01-20,Brentford FC,3.13,2.05,3,2,W,h,LLLLW
2024-01-31,Brentford FC,2.16,3.1,2,3,L,a,LLLWL
2024-02-05,Brentford FC,0.58,3.19,1,3,L,h,LLWLL
2024-02-10,Brentford FC,2.25,0.1,2,0,W,a,LWLLW
2024-02-17,Brentford FC,1.59,4.08,1,4,L,h,WLLWL
2024-02-20,Brentford FC,0.1,0.34,0,1,L,a,LLWLL
2024-02-26,Brentford FC,1.71,4.18,2,4,L,a,LWLLL
2024-03-02,Brentford FC,1.67,1.64,2,2,D,h,WLLLD
2024-03-09,Brentford FC,0.8,1.55,1,2,L,a,LLLDL
2024-03-16,Brentford FC,1.36,1.41,1,2,L,a,LLDLL
2024-03-30,Brentford FC,0.85,1.18,1,1,D,h,LDLLD
2024-04-03,Brentford FC,0.1,0.1,0,0,D,h,DLLDD
2024-04-06,Brentford FC,3.07,2.55,3,3,D,a,LLDDD
2024-04-13,Brentford FC,2.16,0.6,2,0,W,h,LDDDW
2024-04-20,Brentford FC,4.56,0.66,5,1,W,a,DDDWW
2024-04-27,Brentford FC,0.26,0.6,0,1,L,a,DDWWL
2024-05-04,Brentford FC,0.1,0.1,0,0,D,h,DWWLD
2024-05-11,Brentford FC,2.04,0.75,2,1,W,a,WWLDW
2024-05-19,Brentford FC,1.67,4.19,2,4,L,h,WLDWL
2023-08-12,Brighton & Hove Albion FC,4.23,1.01,4,1,W,h,W
2023-08-19,Brighton & Hove Albion FC,3.43,0.35,4,1,W,a,WW
2023-08-26,Brighton & Hove Albion FC,0.63,2.89,1,3,L,h,WWL
2023-09-02,Brighton & Hove Albion FC,2.83,1.25,3,1,W,h,WWLW
2023-09-16,Brighton & Hove Albion FC,3.51,0.83,3,1,W,a,WWLWW
2023-09-24,Brighton & Hove Albion FC,3.18,1.42,3,1,W,h,WLWWW
2023-09-30,Brighton & Hove Albion FC,0.78,5.67,1,6,L,a,LWWWL
2023-10-08,Brighton & Hove Albion FC,2.15,2.26,2,2,D,h,WWWLD
2023-10-21,Brighton & Hove Albion FC,1.77,1.98,1,2,L,a,WWLDL
2023-10-29,Brighton & Hove Albion FC,0.9,0.21,1,1,D,h,WLDLD
2023-11-04,Brighton & Hove Albion FC,0.86,0.71,1,1,D,a,LDLDD
2023-11-12,Brighton & Hove Albion FC,0.13,0.46,1,1,D,h,DLDDD
2023-11-25,Brighton & Hove Albion FC,3.19,2.63,3,2,W,a,LDDDW
2023-12-03,Brighton & Hove Albion FC,1.87,2.81,2,3,L,a,DDDWL
2023-12-06,Brighton & Hove Albion FC,1.65,1.19,2,1,W,h,DDWLW
2023-12-09,Brighton & Hove Albion FC,1.38,1.04,1,1,D,h,DWLWD
2023-12-17,Brighton & Hove Albion FC,0.1,1.95,0,2,L,a,WLWDL
2023-12-21,Brighton & Hove Albion FC,1.1,0.98,1,1,D,a,LWDLD
2023-12-28,Brighton & Hove Albion FC,4.28,1.86,4,2,W,h,WDLDW
2024-01-02,Brighton & Hove Albion FC,0.1,0.1,0,0,D,a,DLDWD
2024-01-22,Brighton & Hove Albion FC,0.38,0.1,0,0,D,h,LDWDD
2024-01-30,Brighton & Hove Albion FC,0.1,3.97,0,4,L,a,DWDDL
2024-02-03,Brighton & Hove Albion FC,4.32,1.23,4,1,W,h,WDDLW
2024-02-10,Brighton & Hove Albion FC,0.81,2.11,1,2,L,a,DDLWL
2024-02-18,Brighton & Hove Albion FC,5.27,0.36,5,0,W,a,DLWLW
2024-02-24,Brighton & Hove Albion FC,1.32,0.84,1,1,D,h,LWLWD
2024-03-02,Brighton & Hove Albion FC,0.58,2.93,0,3,L,a,WLWDL
2024-03-10,Brighton & Hove Albion FC,0.82,0.1,1,0,W,h,LWDLW
2024-03-31,Brighton & Hove Albion FC,1.41,2.54,1,2,L,a,WDLWL
2024-04-03,Brighton & Hove Albion FC,0.1,0.1,0,0,D,a,DLWLD
2024-04-06,Brighton & Hove Albion FC,0.1,2.69,0,3,L,h,LWLDL
2024-04-13,Brighton & Hove Albion FC,0.97,0.49,1,1,D,a,WLDLD
2024-04-25,Brighton & Hove Albion FC,0.18,4.38,0,4,L,h,LDLDL
2024-04-28,Brighton & Hove Albion FC,0.32,3.91,0,3,L,a,DLDLL
2024-05-05,Brighton & Hove Albion FC,1.3,0.1,1,0,W,h,LDLLW
2024-05-11,Brighton & Hove Albion FC,1.19,0.77,1,1,D,a,DLLWD
2024-05-15,Brighton & Hove Albion FC,0.94,1.74,1,2,L,h,LLWDL
2024-05-19,Brighton & Hove Albion FC,0.1,3.11,0,2,L,h,LWDLL
2023-08-11,Burnley FC,0.19,3.43,0,3,L,h,L
2023-08-27,Burnley FC,0.48,3.11,1,3,L,h,LL
2023-09-02,Burnley FC,2.24,4.21,2,5,L,h,LLL
2023-09-18,Burnley FC,1.45,1.01,1,1,D,a,LLLD
2023-09-23,Burnley FC,0.1,1.22,0,1,L,h,LLLDL
2023-09-30,Burnley FC,0.26,2.71,0,2,L,a,LLDLL
2023-10-03,Burnley FC,2.38,1.45,2,1,W,a,LDLLW
2023-10-07,Burnley FC,1.78,3.76,1,4,L,h,DLLWL
2023-10-21,Burnley FC,0.1,3.22,0,3,L,a,LLWLL
2023-10-28,Burnley FC,1.3,1.36,1,2,L,a,LWLLL
2023-11-04,Burnley FC,0.26,1.73,0,2,L,h,WLLLL
2023-11-11,Burnley FC,1.45,3.55,1,3,L,a,LLLLL
2023-11-25,Burnley FC,0.54,1.4,1,2,L,h,LLLLL
2023-12-02,Burnley FC,4.32,0.1,5,0,W,h,LLLLW
2023-12-05,Burnley FC,0.1,1.37,0,1,L,a,LLLWL
2023-12-09,Burnley FC,1.04,1.38,1,1,D,a,LLWLD
2023-12-16,Burnley FC,0.1,1.93,0,2,L,h,LWLDL
2023-12-23,Burnley FC,2.47,0.1,2,0,W,a,WLDLW
2023-12-26,Burnley FC,0.1,1.66,0,2,L,h,LDLWL
2023-12-30,Burnley FC,2.19,3.2,2,3,L,a,DLWLL
2024-01-12,Burnley FC,1.35,0.38,1,1,D,h,LWLLD
2024-01-31,Burnley FC,1.6,2.91,1,3,L,a,WLLDL
2024-02-03,Burnley FC,1.63,2.13,2,2,D,h,LLDLD
2024-02-10,Burnley FC,1.26,3.05,1,3,L,a,LDLDL
2024-02-17,Burnley FC,0.63,4.91,0,5,L,h,DLDLL
2024-02-24,Burnley FC,0.1,2.86,0,3,L,a,LDLLL
2024-03-03,Burnley FC,0.29,2.08,0,2,L,h,DLLLL
2024-03-10,Burnley FC,1.71,2.5,2,2,D,a,LLLLD
2024-03-16,Burnley FC,1.41,1.36,2,1,W,h,LLLDW
2024-03-30,Burnley FC,1.48,1.69,2,2,D,a,LLDWD
2024-04-02,Burnley FC,1.3,0.62,1,1,D,h,LDWDD
2024-04-06,Burnley FC,0.1,0.1,0,1,L,a,DWDDL
2024-04-13,Burnley FC,0.49,0.97,1,1,D,h,WDDLD
2024-04-20,Burnley FC,4.05,0.68,4,1,W,a,DDLDW
2024-04-27,Burnley FC,0.52,0.47,1,1,D,a,DLDWD
2024-05-04,Burnley FC,1.55,4.04,1,4,L,h,LDWDL
2024-05-11,Burnley FC,0.42,1.31,1,2,L,a,DWDLL
2024-05-19,Burnley FC,0.12,1.82,1,2,L,h,WDLLL
2023-08-13,Chelsea FC,1.1,0.83,1,1,D,h,D
2023-08-20,Chelsea FC,0.54,3.85,1,3,L,a,DL
2023-08-25,Chelsea FC,2.59,0.14,3,0,W,h,DLW
2023-09-02,Chelsea FC,0.1,0.87,0,1,L,h,DLWL
2023-09-17,Chelsea FC,0.1,0.1,0,0,D,a,DLWLD
2023-09-24,Chelsea FC,0.1,1.16,0,1,L,h,LWLDL
2023-10-02,Chelsea FC,2.02,0.1,2,0,W,a,WLDLW
2023-10-07,Chelsea FC,3.76,1.78,4,1,W,a,LDLWW
2023-10-21,Chelsea FC,1.67,1.2,2,2,D,h,DLWWD
2023-10-28,Chelsea FC,0.1,1.37,0,2,L,h,LWWDL
2023-11-06,Chelsea FC,3.28,1.54,4,1,W,a,WWDLW
2023-11-12,Chelsea FC,4.04,3.55,4,4,D,h,WDLWD
2023-11-25,Chelsea FC,1.54,3.28,1,4,L,a,DLWDL
2023-12-03,Chelsea FC,2.81,1.87,3,2,W,h,LWDLW
2023-12-06,Chelsea FC,1.44,1.55,1,2,L,a,WDLWL
2023-12-10,Chelsea FC,0.1,3.31,0,2,L,a,DLWLL
2023-12-16,Chelsea FC,2.81,0.1,2,0,W,h,LWLLW
2023-12-24,Chelsea FC,0.73,1.94,1,2,L,a,WLLWL
2023-12-27,Chelsea FC,1.75,0.58,2,1,W,h,LLWLW
2023-12-30,Chelsea FC,3.07,2.32,3,2,W,a,LWLWW
2024-01-13,Chelsea FC,0.41,0.1,1,0,W,h,WLWWW
2024-01-31,Chelsea FC,0.88,4.07,1,4,L,a,LWWWL
2024-02-04,Chelsea FC,2.69,4.07,2,4,L,h,WWWLL
2024-02-12,Chelsea FC,3.1,1.23,3,1,W,a,WWLLW
2024-02-17,Chelsea FC,0.69,1.08,1,1,D,a,WLLWD
2024-03-02,Chelsea FC,1.64,1.67,2,2,D,a,LLWDD
2024-03-11,Chelsea FC,3.51,1.63,3,2,W,h,LWDDW
2024-03-30,Chelsea FC,1.69,1.48,2,2,D,h,WDDWD
2024-04-04,Chelsea FC,3.66,3.04,4,3,W,h,DDWDW
2024-04-07,Chelsea FC,2.82,1.56,2,2,D,a,DWDWD
2024-04-15,Chelsea FC,5.7,0.3,6,0,W,h,WDWDW
2024-04-23,Chelsea FC,0.35,4.25,0,5,L,a,DWDWL
2024-04-27,Chelsea FC,2.54,2.17,2,2,D,a,WDWLD
2024-05-02,Chelsea FC,2.09,0.1,2,0,W,h,DWLDW
2024-05-05,Chelsea FC,4.35,0.1,5,0,W,h,WLDWW
2024-05-11,Chelsea FC,3.04,2.14,3,2,W,a,LDWWW
2024-05-15,Chelsea FC,1.74,0.94,2,1,W,a,DWWWW
2024-05-19,Chelsea FC,2.12,1.13,2,1,W,h,WWWWW
2023-08-12,Crystal Palace FC,0.64,0.1,1,0,W,a,W
2023-08-21,Crystal Palace FC,0.1,1.14,0,1,L,h,WL
2023-08-26,Crystal Palace FC,1.03,0.95,1,1,D,a,WLD
2023-09-03,Crystal Palace FC,2.82,2.64,3,2,W,h,WLDW
2023-09-16,Crystal Palace FC,0.99,3.22,1,3,L,a,WLDWL
2023-09-23,Crystal Palace FC,0.28,0.1,0,0,D,h,LDWLD
2023-09-30,Crystal Palace FC,0.62,0.1,1,0,W,a,DWLDW
2023-10-07,Crystal Palace FC,0.77,0.1,0,0,D,h,WLDWD
2023-10-21,Crystal Palace FC,0.1,3.4,0,4,L,a,LDWDL
2023-10-27,Crystal Palace FC,0.67,1.83,1,2,L,h,DWDLL
2023-11-04,Crystal Palace FC,1.73,0.26,2,0,W,a,WDLLW
2023-11-11,Crystal Palace FC,2.19,2.81,2,3,L,h,DLLWL
2023-11-25,Crystal Palace FC,0.88,1.63,1,2,L,a,LLWLL
2023-12-03,Crystal Palace FC,0.72,0.9,1,1,D,a,LWLLD
2023-12-06,Crystal Palace FC,0.71,2.01,0,2,L,h,WLLDL
2023-12-09,Crystal Palace FC,1.74,1.25,1,2,L,h,LLDLL
2023-12-16,Crystal Palace FC,1.77,2.48,2,2,D,a,LDLLD
2023-12-21,Crystal Palace FC,0.98,1.1,1,1,D,h,DLLDD
2023-12-27,Crystal Palace FC,0.58,1.75,1,2,L,a,LLDDL
2023-12-30,Crystal Palace FC,3.22,1.77,3,1,W,h,LDDLW
2024-01-20,Crystal Palace FC,0.21,5.1,0,5,L,a,DDLWL
2024-01-30,Crystal Palace FC,2.96,2.52,3,2,W,h,DLWLW
2024-02-03,Crystal Palace FC,1.23,4.32,1,4,L,a,LWLWL
2024-02-12,Crystal Palace FC,1.23,3.1,1,3,L,h,WLWLL
2024-02-19,Crystal Palace FC,1.24,0.47,1,1,D,a,LWLLD
2024-02-24,Crystal Palace FC,2.86,0.1,3,0,W,h,WLLDW
2024-03-02,Crystal Palace FC,0.99,2.49,1,3,L,a,LLDWL
2024-03-09,Crystal Palace FC,1.93,1.05,1,1,D,h,LDWLD
2024-03-30,Crystal Palace FC,0.89,1.34,1,1,D,a,DWLDD
2024-04-02,Crystal Palace FC,0.26,0.89,0,1,L,a,WLDDL
2024-04-06,Crystal Palace FC,2.31,4.36,2,4,L,h,LDDLL
2024-04-14,Crystal Palace FC,0.64,0.1,1,0,W,a,DDLLW
2024-04-21,Crystal Palace FC,4.55,1.98,5,2,W,h,DLLWW
2024-04-24,Crystal Palace FC,2.74,0.15,2,0,W,h,LLWWW
2024-04-27,Crystal Palace FC,1.11,1.28,1,1,D,a,LWWWD
2024-05-06,Crystal Palace FC,3.81,0.1,4,0,W,h,WWWDW
2024-05-11,Crystal Palace FC,2.36,1.3,3,1,W,a,WWDWW
2024-05-19,Crystal Palace FC,5.22,0.1,5,0,W,h,WDWWW
2023-08-12,Everton FC,0.11,1.56,0,1,L,h,L
2023-08-20,Everton FC,0.1,4.54,0,4,L,a,LL
2023-08-26,Everton FC,0.1,1.49,0,1,L,h,LLL
2023-09-02,Everton FC,1.66,1.49,2,2,D,a,LLLD
2023-09-17,Everton FC,0.1,0.72,0,1,L,h,LLLDL
2023-09-23,Everton FC,3.05,0.45,3,1,W,a,LLDLW
2023-09-30,Everton FC,0.36,2.19,1,2,L,h,LDLWL
2023-10-07,Everton FC,3.52,0.1,3,0,W,h,DLWLW
2023-10-21,Everton FC,0.1,1.54,0,2,L,a,LWLWL
2023-10-29,Everton FC,1.43,0.1,1,0,W,a,WLWLW
2023-11-04,Everton FC,0.71,0.86,1,1,D,h,LWLWD
2023-11-11,Everton FC,2.81,2.19,3,2,W,a,WLWDW
2023-11-26,Everton FC,0.33,3.23,0,3,L,h,LWDWL
2023-12-02,Everton FC,0.29,0.1,1,0,W,a,WDWLW
2023-12-07,Everton FC,2.95,0.1,3,0,W,h,DWLWW
2023-12-10,Everton FC,3.31,0.1,2,0,W,h,WLWWW
2023-12-16,Everton FC,1.93,0.1,2,0,W,a,LWWWW
2023-12-23,Everton FC,0.73,1.75,1,2,L,a,WWWWL
2023-12-27,Everton FC,1.2,2.75,1,3,L,h,WWWLL
2023-12-30,Everton FC,0.15,2.93,0,3,L,a,WWLLL
2024-01-14,Everton FC,0.23,0.2,0,0,D,h,WLLLD
2024-01-30,Everton FC,0.49,0.1,0,0,D,a,LLLDD
2024-02-03,Everton FC,1.59,2.57,2,2,D,h,LLDDD
2024-02-10,Everton FC,0.1,2.03,0,2,L,a,LDDDL
2024-02-19,Everton FC,0.47,1.24,1,1,D,h,DDDLD
2024-02-24,Everton FC,0.84,1.32,1,1,D,a,DDLDD
2024-03-02,Everton FC,1.36,3.24,1,3,L,h,DLDDL
2024-03-09,Everton FC,0.1,1.87,0,2,L,a,LDDLL
2024-03-30,Everton FC,0.98,1.94,1,2,L,a,DDLLL
2024-04-02,Everton FC,0.93,1.03,1,1,D,a,DLLLD
2024-04-06,Everton FC,0.1,0.1,1,0,W,h,LLLDW
2024-04-15,Everton FC,0.3,5.7,0,6,L,a,LLDWL
2024-04-21,Everton FC,1.7,0.14,2,0,W,h,LDWLW
2024-04-24,Everton FC,1.53,0.1,2,0,W,h,DWLWW
2024-04-27,Everton FC,0.6,0.26,1,0,W,h,WLWWW
2024-05-03,Everton FC,1.31,1.1,1,1,D,a,LWWWD
2024-05-11,Everton FC,1.78,0.68,1,0,W,h,WWWDW
2024-05-19,Everton FC,0.23,1.92,1,2,L,a,WWDWL
2023-08-12,Fulham FC,1.56,0.11,1,0,W,a,W
2023-08-19,Fulham FC,0.1,2.66,0,3,L,h,WL
2023-08-26,Fulham FC,1.79,1.71,2,2,D,a,WLD
2023-09-02,Fulham FC,0.74,4.76,1,5,L,a,WLDL
2023-09-16,Fulham FC,0.32,0.48,1,0,W,h,WLDLW
2023-09-23,Fulham FC,0.1,0.28,0,0,D,a,LDLWD
2023-10-02,Fulham FC,0.1,2.02,0,2,L,h,DLWDL
2023-10-07,Fulham FC,2.46,0.89,3,1,W,h,LWDLW
2023-10-23,Fulham FC,0.12,2.2,0,2,L,a,WDLWL
2023-10-29,Fulham FC,0.21,0.9,1,1,D,a,DLWLD
2023-11-04,Fulham FC,0.1,0.53,0,1,L,h,LWLDL
2023-11-12,Fulham FC,1.28,2.98,1,3,L,a,WLDLL
2023-11-27,Fulham FC,3.73,1.8,3,2,W,h,LDLLW
2023-12-03,Fulham FC,2.97,3.54,3,4,L,a,DLLWL
2023-12-06,Fulham FC,5.02,0.1,5,0,W,h,LLWLW
2023-12-10,Fulham FC,5.03,0.11,5,0,W,h,LWLWW
2023-12-16,Fulham FC,0.19,3.18,0,3,L,a,WLWWL
2023-12-23,Fulham FC,0.1,2.47,0,2,L,h,LWWLL
2023-12-26,Fulham FC,0.1,3.28,0,3,L,a,WWLLL
2023-12-31,Fulham FC,1.98,1.31,2,1,W,h,WLLLW
2024-01-13,Fulham FC,0.1,0.41,0,1,L,a,LLLWL
2024-01-30,Fulham FC,0.1,0.49,0,0,D,h,LLWLD
2024-02-03,Fulham FC,2.13,1.63,2,2,D,a,LWLDD
2024-02-10,Fulham FC,3.12,0.97,3,1,W,h,WLDDW
2024-02-17,Fulham FC,1.97,2.35,1,2,L,h,LDDWL
2024-02-24,Fulham FC,1.59,1.42,2,1,W,a,DDWLW
2024-03-02,Fulham FC,2.93,0.58,3,0,W,h,DWLWW
2024-03-09,Fulham FC,0.7,1.76,1,2,L,a,WLWWL
2024-03-16,Fulham FC,3.47,0.31,3,0,W,h,LWWLW
2024-03-30,Fulham FC,2.68,3.43,3,3,D,a,WWLWD
2024-04-02,Fulham FC,0.86,2.95,1,3,L,a,WLWDL
2024-04-06,Fulham FC,0.27,0.58,0,1,L,h,LWDLL
2024-04-14,Fulham FC,1.79,0.1,2,0,W,a,WDLLW
2024-04-21,Fulham FC,1.27,2.95,1,3,L,h,DLLWL
2024-04-27,Fulham FC,1.28,1.11,1,1,D,h,LLWLD
2024-05-04,Fulham FC,0.1,0.1,0,0,D,a,LWLDD
2024-05-11,Fulham FC,0.1,3.92,0,4,L,h,WLDDL
2024-05-19,Fulham FC,4.11,2.48,4,2,W,a,LDDLW
2023-08-13,Liverpool FC,0.83,1.1,1,1,D,a,D
2023-08-19,Liverpool FC,3.05,1.17,3,1,W,h,DW
2023-08-27,Liverpool FC,1.89,1.6,2,1,W,a,DWW
2023-09-03,Liverpool FC,3.28,0.1,3,0,W,h,DWWW
2023-09-16,Liverpool FC,3.0,1.01,3,1,W,a,DWWWW
2023-09-24,Liverpool FC,2.35,0.59,3,1,W,h,WWWWW
2023-09-30,Liverpool FC,0.94,2.0,1,2,L,a,WWWWL
2023-10-08,Liverpool FC,2.26,2.15,2,2,D,a,WWWLD
2023-10-21,Liverpool FC,1.54,0.1,2,0,W,h,WWLDW
2023-10-29,Liverpool FC,2.46,0.1,3,0,W,h,WLDWW
2023-11-05,Liverpool FC,0.59,1.36,1,1,D,a,LDWWD
2023-11-12,Liverpool FC,3.68,0.34,3,0,W,h,DWWDW
2023-11-25,Liverpool FC,0.91,1.56,1,1,D,a,WWDWD
2023-12-03,Liverpool FC,3.54,2.97,4,3,W,h,WDWDW
2023-12-06,Liverpool FC,2.12,0.1,2,0,W,a,DWDWW
2023-12-09,Liverpool FC,1.25,1.74,2,1,W,a,WDWWW
2023-12-17,Liverpool FC,0.1,0.16,0,0,D,h,DWWWD
2023-12-23,Liverpool FC,0.97,0.93,1,1,D,h,WWWDD
2023-12-26,Liverpool FC,1.66,0.1,2,0,W,a,WWDDW
2024-01-01,Liverpool FC,4.42,2.04,4,2,W,h,WDDWW
2024-01-21,Liverpool FC,3.89,0.17,4,0,W,a,DDWWW
2024-01-31,Liverpool FC,4.07,0.88,4,1,W,h,DWWWW
2024-02-04,Liverpool FC,1.12,2.58,1,3,L,a,WWWWL
2024-02-10,Liverpool FC,3.05,1.26,3,1,W,h,WWWLW
2024-02-17,Liverpool FC,4.08,1.59,4,1,W,a,WWLWW
2024-02-21,Liverpool FC,3.96,0.76,4,1,W,h,WLWWW
2024-03-02,Liverpool FC,0.94,0.14,1,0,W,a,LWWWW
2024-03-10,Liverpool FC,0.32,1.41,1,1,D,h,WWWWD
2024-03-31,Liverpool FC,2.54,1.41,2,1,W,h,WWWDW
2024-04-04,Liverpool FC,3.06,1.07,3,1,W,h,WWDWW
2024-04-07,Liverpool FC,1.83,0.86,2,2,D,a,WDWWD
2024-04-14,Liverpool FC,0.1,0.64,0,1,L,h,DWWDL
2024-04-21,Liverpool FC,2.95,1.27,3,1,W,a,WWDLW
2024-04-24,Liverpool FC,0.1,1.53,0,2,L,a,WDLWL
2024-04-27,Liverpool FC,1.77,1.5,2,2,D,a,DLWLD
2024-05-05,Liverpool FC,4.46,1.64,4,2,W,h,LWLDW
2024-05-13,Liverpool FC,3.3,3.01,3,3,D,a,WLDWD
2024-05-19,Liverpool FC,1.77,0.1,2,0,W,h,LDWDW
2023-08-12,Luton Town FC,1.01,4.23,1,4,L,a,L
2023-08-25,Luton Town FC,0.14,2.59,0,3,L,a,LL
2023-09-01,Luton Town FC,0.71,2.11,1,2,L,h,LLL
2023-09-16,Luton Town FC,0.48,0.32,0,1,L,a,LLLL
2023-09-23,Luton Town FC,1.49,0.71,1,1,D,h,LLLLD
2023-09-30,Luton Town FC,2.19,0.36,2,1,W,a,LLLDW
2023-10-03,Luton Town FC,1.45,2.38,1,2,L,h,LLDWL
2023-10-07,Luton Town FC,0.1,0.16,0,1,L,h,LDWLL
2023-10-21,Luton Town FC,1.7,1.65,2,2,D,a,DWLLD
2023-10-29,Luton Town FC,0.63,2.68,1,3,L,a,WLLDL
2023-11-05,Luton Town FC,1.36,0.59,1,1,D,h,LLDLD
2023-11-11,Luton Town FC,0.1,0.23,0,1,L,a,LDLDL
2023-11-25,Luton Town FC,1.63,0.88,2,1,W,h,DLDLW
2023-12-02,Luton Town FC,0.38,2.76,1,3,L,a,LDLWL
2023-12-05,Luton Town FC,2.66,4.16,3,4,L,h,DLWLL
2023-12-10,Luton Town FC,0.59,1.94,1,2,L,h,LWLLL
2023-12-23,Luton Town FC,1.17,0.1,1,0,W,h,WLLLW
2023-12-26,Luton Town FC,2.74,2.55,3,2,W,a,LLLWW
2023-12-30,Luton Town FC,2.32,3.07,2,3,L,h,LLWWL
2024-01-12,Luton Town FC,0.38,1.35,1,1,D,a,LWWLD
2024-01-30,Luton Town FC,3.97,0.1,4,0,W,h,WWLDW
2024-02-03,Luton Town FC,4.52,3.86,4,4,D,a,WLDWD
2024-02-10,Luton Town FC,1.17,3.29,1,3,L,h,LDWDL
2024-02-18,Luton Town FC,0.54,2.31,1,2,L,h,DWDLL
2024-02-21,Luton Town FC,0.76,3.96,1,4,L,a,WDLLL
2024-03-02,Luton Town FC,1.58,2.98,2,3,L,h,DLLLL
2024-03-09,Luton Town FC,1.05,1.93,1,1,D,a,LLLLD
2024-03-13,Luton Town FC,3.08,3.79,3,4,L,a,LLLDL
2024-03-16,Luton Town FC,0.9,0.67,1,1,D,h,LLDLD
2024-03-30,Luton Town FC,0.66,2.11,1,2,L,a,LDLDL
2024-04-03,Luton Town FC,0.1,2.48,0,2,L,a,DLDLL
2024-04-06,Luton Town FC,1.75,0.59,2,1,W,h,LDLLW
2024-04-13,Luton Town FC,0.67,5.26,1,5,L,a,DLLWL
2024-04-20,Luton Town FC,0.66,4.56,1,5,L,h,LLWLL
2024-04-27,Luton Town FC,0.7,2.3,1,2,L,a,LWLLL
2024-05-03,Luton Town FC,1.1,1.31,1,1,D,h,WLLLD
2024-05-11,Luton Town FC,1.08,3.6,1,3,L,a,LLLDL
2024-05-19,Luton Town FC,2.48,4.11,2,4,L,h,LLDLL
2023-08-11,Manchester City FC,3.43,0.19,3,0,W,a,W
2023-08-19,Manchester City FC,0.58,0.1,1,0,W,h,WW
2023-08-27,Manchester City FC,1.95,1.06,2,1,W,a,WWW
2023-09-02,Manchester City FC,4.76,0.74,5,1,W,h,WWWW
2023-09-16,Manchester City FC,2.7,1.33,3,1,W,a,WWWWW
2023-09-23,Manchester City FC,1.56,0.1,2,0,W,h,WWWWW
2023-09-30,Manchester City FC,0.56,1.91,1,2,L,a,WWWWL
2023-10-08,Manchester City FC,0.1,1.83,0,1,L,a,WWWLL
2023-10-21,Manchester City FC,1.98,1.77,2,1,W,h,WWLLW
2023-10-29,Manchester City FC,3.59,0.1,3,0,W,a,WLLWW
2023-11-04,Manchester City FC,6.5,1.15,6,1,W,h,LLWWW
2023-11-12,Manchester City FC,3.55,4.04,4,4,D,a,LWWWD
2023-11-25,Manchester City FC,1.56,0.91,1,1,D,h,WWWDD
2023-12-03,Manchester City FC,4.18,2.47,3,3,D,h,WWDDD
2023-12-06,Manchester City FC,0.1,1.15,0,1,L,a,WDDDL
2023-12-10,Manchester City FC,1.94,0.59,2,1,W,a,DDDLW
2023-12-16,Manchester City FC,2.48,1.77,2,2,D,h,DDLWD
2023-12-27,Manchester City FC,2.75,1.2,3,1,W,a,DLWDW
2023-12-30,Manchester City FC,2.32,0.1,2,0,W,h,LWDWW
2024-01-13,Manchester City FC,3.05,1.74,3,2,W,a,WDWWW
2024-01-31,Manchester City FC,2.91,1.6,3,1,W,h,DWWWW
2024-02-05,Manchester City FC,3.19,0.58,3,1,W,a,WWWWW
2024-02-10,Manchester City FC,2.03,0.1,2,0,W,h,WWWWW
2024-02-17,Manchester City FC,1.08,0.69,1,1,D,h,WWWWD
2024-02-20,Manchester City FC,0.34,0.1,1,0,W,h,WWWDW
2024-02-24,Manchester City FC,1.01,0.17,1,0,W,a,WWDWW
2024-03-03,Manchester City FC,3.97,1.64,3,1,W,h,WDWWW
2024-03-10,Manchester City FC,1.41,0.32,1,1,D,a,DWWWD
2024-03-31,Manchester City FC,0.1,0.47,0,0,D,h,WWWDD
2024-04-03,Manchester City FC,4.51,1.14,4,1,W,h,WWDDW
2024-04-06,Manchester City FC,4.36,2.31,4,2,W,a,WDDWW
2024-04-13,Manchester City FC,5.26,0.67,5,1,W,h,DDWWW
2024-04-25,Manchester City FC,4.38,0.18,4,0,W,a,DWWWW
2024-04-28,Manchester City FC,2.11,0.84,2,0,W,a,WWWWW
2024-05-04,Manchester City FC,5.02,0.84,5,1,W,h,WWWWW
2024-05-11,Manchester City FC,3.92,0.1,4,0,W,a,WWWWW
2024-05-14,Manchester City FC,0.98,0.26,2,0,W,a,WWWWW
2024-05-19,Manchester City FC,2.9,1.06,3,1,W,h,WWWWW
2023-08-14,Manchester United FC,0.88,0.54,1,0,W,h,W
2023-08-19,Manchester United FC,0.48,1.9,0,2,L,a,WL
2023-08-26,Manchester United FC,2.98,2.1,3,2,W,h,WLW
2023-09-03,Manchester United FC,0.71,3.28,1,3,L,a,WLWL
2023-09-16,Manchester United FC,0.83,3.51,1,3,L,h,WLWLL
2023-09-23,Manchester United FC,1.22,0.1,1,0,W,a,LWLLW
2023-09-30,Manchester United FC,0.1,0.62,0,1,L,h,WLLWL
2023-10-07,Manchester United FC,1.99,1.1,2,1,W,h,LLWLW
2023-10-21,Manchester United FC,2.5,0.3,2,1,W,a,LWLWW
2023-10-29,Manchester United FC,0.1,3.59,0,3,L,h,WLWWL
2023-11-04,Manchester United FC,0.53,0.1,1,0,W,a,LWWLW
2023-11-11,Manchester United FC,0.23,0.1,1,0,W,h,WWLWW
2023-11-26,Manchester United FC,3.23,0.33,3,0,W,a,WLWWW
2023-12-02,Manchester United FC,0.1,0.74,0,1,L,a,LWWWL
2023-12-06,Manchester United FC,1.55,1.44,2,1,W,h,WWWLW
2023-12-09,Manchester United FC,0.1,3.04,0,3,L,h,WWLWL
2023-12-17,Manchester United FC,0.16,0.1,0,0,D,a,WLWLD
2023-12-23,Manchester United FC,0.1,1.36,0,2,L,a,LWLDL
2023-12-26,Manchester United FC,3.51,1.84,3,2,W,h,WLDLW
2023-12-30,Manchester United FC,0.82,1.74,1,2,L,a,LDLWL
2024-01-14,Manchester United FC,1.86,2.12,2,2,D,h,DLWLD
2024-02-01,Manchester United FC,3.73,2.98,4,3,W,a,LWLDW
2024-02-04,Manchester United FC,3.45,0.24,3,0,W,h,WLDWW
2024-02-11,Manchester United FC,1.72,0.61,2,1,W,a,LDWWW
2024-02-18,Manchester United FC,2.31,0.54,2,1,W,a,DWWWW
2024-02-24,Manchester United FC,1.42,1.59,1,2,L,h,WWWWL
2024-03-03,Manchester United FC,1.64,3.97,1,3,L,a,WWWLL
2024-03-09,Manchester United FC,1.87,0.1,2,0,W,h,WWLLW
2024-03-30,Manchester United FC,1.18,0.85,1,1,D,a,WLLWD
2024-04-04,Manchester United FC,3.04,3.66,3,4,L,a,LLWDL
2024-04-07,Manchester United FC,0.86,1.83,2,2,D,h,LWDLD
2024-04-13,Manchester United FC,2.37,2.27,2,2,D,a,WDLDD
2024-04-24,Manchester United FC,3.15,1.68,4,2,W,h,DLDDW
2024-04-27,Manchester United FC,0.47,0.52,1,1,D,h,LDDWD
2024-05-06,Manchester United FC,0.1,3.81,0,4,L,a,DDWDL
2024-05-12,Manchester United FC,0.17,0.64,0,1,L,h,DWDLL
2024-05-15,Manchester United FC,3.43,1.3,3,2,W,h,WDLLW
2024-05-19,Manchester United FC,3.11,0.1,2,0,W,a,DLLWW
2023-08-12,Newcastle United FC,4.94,1.17,5,1,W,h,W
2023-08-19,Newcastle United FC,0.1,0.58,0,1,L,a,WL
2023-08-27,Newcastle United FC,1.6,1.89,1,2,L,h,WLL
2023-09-02,Newcastle United FC,1.25,2.83,1,3,L,a,WLLL
2023-09-16,Newcastle United FC,1.35,0.1,1,0,W,h,WLLLW
2023-09-24,Newcastle United FC,8.74,0.1,8,0,W,a,LLLWW
2023-09-30,Newcastle United FC,2.71,0.26,2,0,W,h,LLWWW
2023-10-08,Newcastle United FC,1.89,1.66,2,2,D,a,LWWWD
2023-10-21,Newcastle United FC,3.4,0.1,4,0,W,h,WWWDW
2023-10-28,Newcastle United FC,2.13,1.92,2,2,D,a,WWDWD
2023-11-04,Newcastle United FC,0.89,0.86,1,0,W,h,WDWDW
2023-11-11,Newcastle United FC,0.1,0.95,0,2,L,a,DWDWL
2023-11-25,Newcastle United FC,3.28,1.54,4,1,W,h,WDWLW
2023-12-02,Newcastle United FC,0.74,0.1,1,0,W,h,DWLWW
2023-12-07,Newcastle United FC,0.1,2.95,0,3,L,a,WLWWL
2023-12-10,Newcastle United FC,0.79,3.76,1,4,L,a,LWWLL
2023-12-16,Newcastle United FC,3.18,0.19,3,0,W,h,WWLLW
2023-12-23,Newcastle United FC,0.1,1.17,0,1,L,a,WLLWL
2023-12-26,Newcastle United FC,1.38,2.84,1,3,L,h,LLWLL
2024-01-01,Newcastle United FC,2.04,4.42,2,4,L,a,LWLLL
2024-01-13,Newcastle United FC,1.74,3.05,2,3,L,h,WLLLL
2024-01-30,Newcastle United FC,2.89,0.75,3,1,W,a,LLLLW
2024-02-03,Newcastle United FC,3.86,4.52,4,4,D,h,LLLWD
2024-02-10,Newcastle United FC,2.63,1.83,3,2,W,a,LLWDW
2024-02-17,Newcastle United FC,2.04,1.23,2,2,D,h,LWDWD
2024-02-24,Newcastle United FC,1.8,4.68,1,4,L,a,WDWDL
2024-03-02,Newcastle United FC,2.58,0.1,3,0,W,h,DWDLW
2024-03-11,Newcastle United FC,1.63,3.51,2,3,L,a,WDLWL
2024-03-30,Newcastle United FC,3.22,3.43,4,3,W,h,DLWLW
2024-04-02,Newcastle United FC,1.03,0.93,1,1,D,h,LWLWD
2024-04-06,Newcastle United FC,0.58,0.27,1,0,W,a,WLWDW
2024-04-13,Newcastle United FC,4.39,0.3,4,0,W,h,LWDWW
2024-04-24,Newcastle United FC,0.15,2.74,0,2,L,a,WDWWL
2024-04-27,Newcastle United FC,5.15,1.07,5,1,W,h,DWWLW
2024-05-04,Newcastle United FC,4.04,1.55,4,1,W,a,WWLWW
2024-05-11,Newcastle United FC,0.77,1.19,1,1,D,h,WLWWD
2024-05-15,Newcastle United FC,1.3,3.43,2,3,L,a,LWWDL
2024-05-19,Newcastle United FC,4.19,1.67,4,2,W,a,WWDLW
2023-08-12,Nottingham Forest FC,1.11,0.8,1,2,L,a,L
2023-08-18,Nottingham Forest FC,1.94,1.14,2,1,W,h,LW
2023-08-26,Nottingham Forest FC,2.1,2.98,2,3,L,a,LWL
2023-09-02,Nottingham Forest FC,0.87,0.1,1,0,W,a,LWLW
2023-09-18,Nottingham Forest FC,1.01,1.45,1,1,D,h,LWLWD
2023-09-23,Nottingham Forest FC,0.1,1.56,0,2,L,a,WLWDL
2023-10-01,Nottingham Forest FC,0.75,1.72,1,1,D,h,LWDLD
2023-10-07,Nottingham Forest FC,0.1,0.77,0,0,D,a,WDLDD
2023-10-21,Nottingham Forest FC,1.65,1.7,2,2,D,h,DLDDD
2023-10-29,Nottingham Forest FC,0.1,2.46,0,3,L,a,LDDDL
2023-11-05,Nottingham Forest FC,2.64,0.23,2,0,W,h,DDDLW
2023-11-12,Nottingham Forest FC,1.47,2.41,2,3,L,a,DDLWL
2023-11-25,Nottingham Forest FC,2.63,3.19,2,3,L,h,DLWLL
2023-12-02,Nottingham Forest FC,0.1,0.29,0,1,L,h,LWLLL
2023-12-06,Nottingham Forest FC,0.1,5.02,0,5,L,a,WLLLL
2023-12-09,Nottingham Forest FC,0.81,0.32,1,1,D,a,LLLLD
2023-12-15,Nottingham Forest FC,0.1,0.94,0,2,L,h,LLLDL
2023-12-23,Nottingham Forest FC,1.5,2.48,2,3,L,h,LLDLL
2023-12-26,Nottingham Forest FC,2.84,1.38,3,1,W,a,LDLLW
2023-12-30,Nottingham Forest FC,1.74,0.82,2,1,W,h,DLLWW
2024-01-20,Nottingham Forest FC,2.05,3.13,2,3,L,a,LLWWL
2024-01-30,Nottingham Forest FC,1.13,2.46,1,2,L,h,LWWLL
2024-02-04,Nottingham Forest FC,0.88,1.16,1,1,D,a,WWLLD
2024-02-10,Nottingham Forest FC,1.83,2.63,2,3,L,h,WLLDL
2024-02-17,Nottingham Forest FC,1.24,0.1,2,0,W,h,LLDLW
2024-02-24,Nottingham Forest FC,1.49,3.76,2,4,L,a,LDLWL
2024-03-02,Nottingham Forest FC,0.14,0.94,0,1,L,h,DLWLL
2024-03-10,Nottingham Forest FC,0.1,0.82,0,1,L,a,LWLLL
2024-03-16,Nottingham Forest FC,0.67,0.9,1,1,D,a,WLLLD
2024-03-30,Nottingham Forest FC,1.34,0.89,1,1,D,h,LLLDD
2024-04-02,Nottingham Forest FC,2.95,0.86,3,1,W,h,LLDDW
2024-04-07,Nottingham Forest FC,1.07,3.25,1,3,L,a,LDDWL
2024-04-13,Nottingham Forest FC,2.41,2.92,2,2,D,h,DDWLD
2024-04-21,Nottingham Forest FC,0.14,1.7,0,2,L,a,DWLDL
2024-04-28,Nottingham Forest FC,0.84,2.11,0,2,L,h,WLDLL
2024-05-04,Nottingham Forest FC,3.33,0.21,3,1,W,a,LDLLW
2024-05-11,Nottingham Forest FC,2.14,3.04,2,3,L,h,DLLWL
2024-05-19,Nottingham Forest FC,1.82,0.12,2,1,W,a,LLWLW
2023-08-12,Sheffield United FC,0.1,0.64,0,1,L,h,L
2023-08-18,Sheffield United FC,1.14,1.94,1,2,L,a,LL
2023-08-27,Sheffield United FC,1.06,1.95,1,2,L,h,LLL
2023-09-02,Sheffield United FC,1.49,1.66,2,2,D,h,LLLD
2023-09-16,Sheffield United FC,0.69,2.01,1,2,L,a,LLLDL
2023-09-24,Sheffield United FC,0.1,8.74,0,8,L,h,LLDLL
2023-09-30,Sheffield United FC,0.55,1.77,0,2,L,a,LDLLL
2023-10-07,Sheffield United FC,0.89,2.46,1,3,L,a,DLLLL
2023-10-21,Sheffield United FC,0.3,2.5,1,2,L,h,LLLLL
2023-10-28,Sheffield United FC,0.35,5.33,0,5,L,a,LLLLL
2023-11-04,Sheffield United FC,1.32,0.7,2,1,W,h,LLLLW
2023-11-12,Sheffield United FC,0.46,0.13,1,1,D,a,LLLWD
2023-11-25,Sheffield United FC,0.96,2.68,1,3,L,h,LLWDL
2023-12-02,Sheffield United FC,0.1,4.32,0,5,L,a,LWDLL
2023-12-06,Sheffield United FC,0.1,2.12,0,2,L,h,WDLLL
2023-12-09,Sheffield United FC,1.56,0.1,1,0,W,h,DLLLW
2023-12-16,Sheffield United FC,0.1,2.81,0,2,L,a,LLLWL
2023-12-22,Sheffield United FC,1.72,0.94,1,1,D,a,LLWLD
2023-12-26,Sheffield United FC,2.55,2.74,2,3,L,h,LWLDL
2023-12-30,Sheffield United FC,0.1,2.32,0,2,L,a,WLDLL
2024-01-21,Sheffield United FC,2.04,2.15,2,2,D,h,LDLLD
2024-01-30,Sheffield United FC,2.52,2.96,2,3,L,a,DLLDL
2024-02-03,Sheffield United FC,0.1,5.21,0,5,L,h,LLDLL
2024-02-10,Sheffield United FC,3.29,1.17,3,1,W,a,LDLLW
2024-02-18,Sheffield United FC,0.36,5.27,0,5,L,h,DLLWL
2024-02-25,Sheffield United FC,0.1,1.23,0,1,L,a,LLWLL
2024-03-04,Sheffield United FC,0.1,5.99,0,6,L,h,LWLLL
2024-03-09,Sheffield United FC,2.36,2.13,2,2,D,a,WLLLD
2024-03-30,Sheffield United FC,3.43,2.68,3,3,D,h,LLLDD
2024-04-04,Sheffield United FC,1.07,3.06,1,3,L,a,LLDDL
2024-04-07,Sheffield United FC,1.56,2.82,2,2,D,h,LDDLD
2024-04-13,Sheffield United FC,0.6,2.16,0,2,L,a,DDLDL
2024-04-20,Sheffield United FC,0.68,4.05,1,4,L,h,DLDLL
2024-04-24,Sheffield United FC,1.68,3.15,2,4,L,a,LDLLL
2024-04-27,Sheffield United FC,1.07,5.15,1,5,L,a,DLLLL
2024-05-04,Sheffield United FC,0.21,3.33,1,3,L,h,LLLLL
2024-05-11,Sheffield United FC,0.68,1.78,0,1,L,a,LLLLL
2024-05-19,Sheffield United FC,0.26,2.76,0,3,L,h,LLLLL
2023-08-13,Tottenham Hotspur FC,1.7,2.01,2,2,D,a,D
2023-08-19,Tottenham Hotspur FC,1.9,0.48,2,0,W,h,DW
2023-08-26,Tottenham Hotspur FC,1.97,0.1,2,0,W,a,DWW
2023-09-02,Tottenham Hotspur FC,4.21,2.24,5,2,W,a,DWWW
2023-09-16,Tottenham Hotspur FC,2.01,0.69,2,1,W,h,DWWWW
2023-09-24,Tottenham Hotspur FC,1.24,1.47,2,2,D,a,WWWWD
2023-09-30,Tottenham Hotspur FC,2.0,0.94,2,1,W,h,WWWDW
2023-10-07,Tottenham Hotspur FC,0.16,0.1,1,0,W,a,WWDWW
2023-10-23,Tottenham Hotspur FC,2.2,0.12,2,0,W,h,WDWWW
2023-10-27,Tottenham Hotspur FC,1.83,0.67,2,1,W,a,DWWWW
2023-11-06,Tottenham Hotspur FC,1.54,3.28,1,4,L,h,WWWWL
2023-11-11,Tottenham Hotspur FC,0.65,1.74,1,2,L,a,WWWLL
2023-11-26,Tottenham Hotspur FC,1.43,1.41,1,2,L,h,WWLLL
2023-12-03,Tottenham Hotspur FC,2.47,4.18,3,3,D,a,WLLLD
2023-12-07,Tottenham Hotspur FC,1.05,2.2,1,2,L,h,LLLDL
2023-12-10,Tottenham Hotspur FC,3.76,0.79,4,1,W,h,LLDLW
2023-12-15,Tottenham Hotspur FC,0.94,0.1,2,0,W,a,LDLWW
2023-12-23,Tottenham Hotspur FC,1.75,0.73,2,1,W,h,DLWWW
2023-12-28,Tottenham Hotspur FC,1.86,4.28,2,4,L,a,LWWWL
2023-12-31,Tottenham Hotspur FC,3.02,1.15,3,1,W,h,WWWLW
2024-01-14,Tottenham Hotspur FC,2.12,1.86,2,2,D,a,WWLWD
2024-01-31,Tottenham Hotspur FC,3.1,2.16,3,2,W,h,WLWDW
2024-02-03,Tottenham Hotspur FC,2.57,1.59,2,2,D,a,LWDWD
2024-02-10,Tottenham Hotspur FC,2.11,0.81,2,1,W,h,WDWDW
2024-02-17,Tottenham Hotspur FC,0.27,2.34,1,2,L,h,DWDWL
2024-03-02,Tottenham Hotspur FC,2.49,0.99,3,1,W,h,WDWLW
2024-03-10,Tottenham Hotspur FC,4.44,0.22,4,0,W,a,DWLWW
2024-03-16,Tottenham Hotspur FC,0.31,3.47,0,3,L,a,WLWWL
2024-03-30,Tottenham Hotspur FC,2.11,0.66,2,1,W,h,LWWLW
2024-04-02,Tottenham Hotspur FC,1.03,0.77,1,1,D,a,WWLWD
2024-04-07,Tottenham Hotspur FC,3.25,1.07,3,1,W,h,WLWDW
2024-04-13,Tottenham Hotspur FC,0.3,4.39,0,4,L,a,LWDWL
2024-04-28,Tottenham Hotspur FC,3.21,2.4,2,3,L,h,WDWLL
2024-05-02,Tottenham Hotspur FC,0.1,2.09,0,2,L,a,DWLLL
2024-05-05,Tottenham Hotspur FC,1.64,4.46,2,4,L,a,WLLLL
2024-05-11,Tottenham Hotspur FC,1.31,0.42,2,1,W,h,LLLLW
2024-05-14,Tottenham Hotspur FC,0.26,0.98,0,2,L,h,LLLWL
2024-05-19,Tottenham Hotspur FC,2.76,0.26,3,0,W,a,LLWLW
2023-08-12,West Ham United FC,0.79,0.36,1,1,D,a,D
2023-08-20,West Ham United FC,3.85,0.54,3,1,W,h,DW
2023-08-26,West Ham United FC,2.89,0.63,3,1,W,a,DWW
2023-09-01,West Ham United FC,2.11,0.71,2,1,W,a,DWWW
2023-09-16,West Ham United FC,1.33,2.7,1,3,L,h,DWWWL
2023-09-24,West Ham United FC,0.59,2.35,1,3,L,a,WWWLL
2023-09-30,West Ham United FC,1.77,0.55,2,0,W,h,WWLLW
2023-10-08,West Ham United FC,1.66,1.89,2,2,D,h,WLLWD
2023-10-22,West Ham United FC,1.52,4.43,1,4,L,a,LLWDL
2023-10-29,West Ham United FC,0.1,1.43,0,1,L,h,LWDLL
2023-11-04,West Ham United FC,1.9,3.18,2,3,L,a,WDLLL
2023-11-12,West Ham United FC,2.41,1.47,3,2,W,h,DLLLW
2023-11-25,West Ham United FC,1.4,0.54,2,1,W,a,LLLWW
2023-12-03,West Ham United FC,0.9,0.72,1,1,D,h,LLWWD
2023-12-07,West Ham United FC,2.2,1.05,2,1,W,a,LWWDW
2023-12-10,West Ham United FC,0.11,5.03,0,5,L,a,WWDWL
2023-12-17,West Ham United FC,2.97,0.74,3,0,W,h,WDWLW
2023-12-23,West Ham United FC,1.36,0.1,2,0,W,h,DWLWW
2023-12-28,West Ham United FC,1.64,0.1,2,0,W,a,WLWWW
2024-01-02,West Ham United FC,0.1,0.1,0,0,D,h,LWWWD
2024-01-21,West Ham United FC,2.15,2.04,2,2,D,a,WWWDD
2024-02-01,West Ham United FC,1.03,1.86,1,1,D,h,WWDDD
2024-02-04,West Ham United FC,0.24,3.45,0,3,L,a,WDDDL
2024-02-11,West Ham United FC,0.1,5.77,0,6,L,h,DDDLL
2024-02-17,West Ham United FC,0.1,1.24,0,2,L,a,DDLLL
2024-02-26,West Ham United FC,4.18,1.71,4,2,W,h,DLLLW
2024-03-02,West Ham United FC,3.24,1.36,3,1,W,a,LLLWW
2024-03-10,West Ham United FC,2.5,1.71,2,2,D,h,LLWWD
2024-03-17,West Ham United FC,0.9,0.6,1,1,D,h,LWWDD
2024-03-30,West Ham United FC,3.43,3.22,3,4,L,a,WWDDL
2024-04-02,West Ham United FC,0.77,1.03,1,1,D,h,WDDLD
2024-04-06,West Ham United FC,2.23,0.59,2,1,W,a,DDLDW
2024-04-14,West Ham United FC,0.1,1.79,0,2,L,h,DLDWL
2024-04-21,West Ham United FC,1.98,4.55,2,5,L,a,LDWLL
2024-04-27,West Ham United FC,1.5,1.77,2,2,D,h,DWLLD
2024-05-05,West Ham United FC,0.1,4.35,0,5,L,a,WLLDL
2024-05-11,West Ham United FC,3.6,1.08,3,1,W,h,LLDLW
2024-05-19,West Ham United FC,1.06,2.9,1,3,L,a,LDLWL
2023-08-14,Wolverhampton Wanderers FC,0.54,0.88,0,1,L,a,L
2023-08-19,Wolverhampton Wanderers FC,0.35,3.43,1,4,L,h,LL
2023-08-26,Wolverhampton Wanderers FC,1.49,0.1,1,0,W,a,LLW
2023-09-03,Wolverhampton Wanderers FC,2.64,2.82,2,3,L,a,LLWL
2023-09-16,Wolverhampton Wanderers FC,1.01,3.0,1,3,L,h,LLWLL
2023-09-23,Wolverhampton Wanderers FC,0.71,1.49,1,1,D,a,LWLLD
2023-09-30,Wolverhampton Wanderers FC,1.91,0.56,2,1,W,h,WLLDW
2023-10-08,Wolverhampton Wanderers FC,0.72,0.79,1,1,D,h,LLDWD
2023-10-21,Wolverhampton Wanderers FC,3.15,0.9,2,1,W,a,LDWDW
2023-10-28,Wolverhampton Wanderers FC,1.92,2.13,2,2,D,h,DWDWD
2023-11-04,Wolverhampton Wanderers FC,0.7,1.32,1,2,L,a,WDWDL
2023-11-11,Wolverhampton Wanderers FC,1.74,0.65,2,1,W,h,DWDLW
2023-11-27,Wolverhampton Wanderers FC,1.8,3.73,2,3,L,a,WDLWL
2023-12-02,Wolverhampton Wanderers FC,1.24,2.16,1,2,L,a,DLWLL
2023-12-05,Wolverhampton Wanderers FC,1.37,0.1,1,0,W,h,LWLLW
2023-12-09,Wolverhampton Wanderers FC,0.32,0.81,1,1,D,h,WLLWD
2023-12-17,Wolverhampton Wanderers FC,0.74,2.97,0,3,L,a,LLWDL
2023-12-24,Wolverhampton Wanderers FC,1.94,0.73,2,1,W,h,LWDLW
2023-12-27,Wolverhampton Wanderers FC,4.16,0.68,4,1,W,a,WDLWW
2023-12-30,Wolverhampton Wanderers FC,2.93,0.15,3,0,W,h,DLWWW
2024-01-22,Wolverhampton Wanderers FC,0.1,0.38,0,0,D,a,LWWWD
2024-02-01,Wolverhampton Wanderers FC,2.98,3.73,3,4,L,h,WWWDL
2024-02-04,Wolverhampton Wanderers FC,4.07,2.69,4,2,W,a,WWDLW
2024-02-10,Wolverhampton Wanderers FC,0.1,2.25,0,2,L,h,WDLWL
2024-02-17,Wolverhampton Wanderers FC,2.34,0.27,2,1,W,a,DLWLW
2024-02-25,Wolverhampton Wanderers FC,1.23,0.1,1,0,W,h,LWLWW
2024-03-02,Wolverhampton Wanderers FC,0.1,2.58,0,3,L,a,WLWWL
2024-03-09,Wolverhampton Wanderers FC,1.76,0.7,2,1,W,h,LWWLW
2024-03-30,Wolverhampton Wanderers FC,0.1,2.44,0,2,L,a,WWLWL
2024-04-02,Wolverhampton Wanderers FC,0.62,1.3,1,1,D,a,WLWLD
2024-04-06,Wolverhampton Wanderers FC,0.59,2.23,1,2,L,h,LWLDL
2024-04-13,Wolverhampton Wanderers FC,2.92,2.41,2,2,D,a,WLDLD
2024-04-20,Wolverhampton Wanderers FC,0.1,1.8,0,2,L,h,LDLDL
2024-04-24,Wolverhampton Wanderers FC,0.1,0.87,0,1,L,h,DLDLL
2024-04-27,Wolverhampton Wanderers FC,2.3,0.7,2,1,W,h,LDLLW
2024-05-04,Wolverhampton Wanderers FC,0.84,5.02,1,5,L,a,DLLWL
2024-05-11,Wolverhampton Wanderers FC,1.3,2.36,1,3,L,h,LLWLL
2024-05-19,Wolverhampton Wanderers FC,0.1,1.77,0,2,L,a,LWLLL
